bank_id,bank,period,calendar_days,archived_days,first_day,last_day,days_with_availability,days_with_aisp_response,days_with_pisp_response,source_url
air,Air Bank,2019-Q1,90,89,2019-01-01,2019-03-30,89,89,89,https://www.airbank.cz/file-download/statistiky-dostupnosti-1Q-2019
air,Air Bank,2019-Q2,91,91,2019-04-01,2019-06-30,91,91,91,https://www.airbank.cz/file-download/statistiky-dostupnosti-2Q-2019
jt,J&T Banka,2019-Q2,91,87,2019-04-01,2019-06-26,87,87,87,https://assets-eu-01.kc-usercontent.com:443/23883f12-8a12-01af-3f05-426faedce691/631e663a-2b61-4063-a3cd-ca4201dddc24/Q2_2019_psd2_unavailability.pdf
air,Air Bank,2019-Q3,92,92,2019-07-01,2019-09-30,92,92,92,https://www.airbank.cz/file-download/statistiky-dostupnosti-3Q-2019
creditas,Banka CREDITAS,2019-Q3,92,92,2019-07-01,2019-09-30,92,92,92,https://www.creditas.cz/files/statisticke-udaje-o-dostupnosti-a-vykonu-rozhrani-3q-2019.pdf
fio,Fio banka,2019-Q3,92,16,2019-09-15,2019-09-30,16,16,16,https://developers.fio.cz/stats/PSD2_2019Q3.pdf
jt,J&T Banka,2019-Q3,92,92,2019-07-01,2019-09-30,92,92,92,https://assets-eu-01.kc-usercontent.com:443/23883f12-8a12-01af-3f05-426faedce691/6677d0e3-7ab3-4cff-bbbb-8731d18fcbe5/Q3_2019_psd2_unavailability.pdf
trinity,Trinity Bank,2019-Q3,92,17,2019-09-14,2019-09-30,17,0,0,https://www.trinitybank.cz/download/613
air,Air Bank,2019-Q4,92,92,2019-10-01,2019-12-31,92,92,92,https://www.airbank.cz/file-download/statistiky-dostupnosti-4Q-2019
creditas,Banka CREDITAS,2019-Q4,92,92,2019-10-01,2019-12-31,92,92,92,https://www.creditas.cz/files/statisticke-udaje-o-dostupnosti-a-vykonu-rozhrani-4q-2019.pdf
fio,Fio banka,2019-Q4,92,92,2019-10-01,2019-12-31,92,92,92,https://developers.fio.cz/stats/PSD2_2019Q4.pdf
jt,J&T Banka,2019-Q4,92,92,2019-10-01,2019-12-31,92,92,92,https://assets-eu-01.kc-usercontent.com:443/23883f12-8a12-01af-3f05-426faedce691/b44b4362-43eb-425b-8f66-3866cee614b3/Q4_2019_psd2_unavailability.pdf
trinity,Trinity Bank,2019-Q4,92,92,2019-10-01,2019-12-31,92,0,0,https://www.trinitybank.cz/download/691
air,Air Bank,2020-Q1,91,91,2020-01-01,2020-03-31,91,91,91,https://www.airbank.cz/file-download/statistiky-dostupnosti-1q-2020.pdf
creditas,Banka CREDITAS,2020-Q1,91,91,2020-01-01,2020-03-31,91,91,91,https://www.creditas.cz/files/statisticke-udaje-o-dostupnosti-a-vykonu-rozhrani-1q-2020.pdf
fio,Fio banka,2020-Q1,91,91,2020-01-01,2020-03-31,91,91,91,https://developers.fio.cz/stats/PSD2_2020Q1.pdf
jt,J&T Banka,2020-Q1,91,91,2020-01-01,2020-03-31,91,91,91,https://assets-eu-01.kc-usercontent.com:443/23883f12-8a12-01af-3f05-426faedce691/014afa20-35b0-4e45-bcaf-bfa9ed7d62fc/Q1_2020_PSD2_unavailability.pdf
trinity,Trinity Bank,2020-Q1,91,91,2020-01-01,2020-03-31,91,0,0,https://www.trinitybank.cz/download/811
air,Air Bank,2020-Q2,91,91,2020-04-01,2020-06-30,91,91,91,https://www.airbank.cz/file-download/statistiky-dostupnosti-2q-2020
creditas,Banka CREDITAS,2020-Q2,91,91,2020-04-01,2020-06-30,91,91,5,https://www.creditas.cz/files/statisticke-udaje-o-dostupnosti-a-vykonu-rozhrani-2q-2020.pdf
fio,Fio banka,2020-Q2,91,91,2020-04-01,2020-06-30,91,91,91,https://developers.fio.cz/stats/PSD2_2020Q2.pdf
trinity,Trinity Bank,2020-Q2,91,91,2020-04-01,2020-06-30,91,0,0,https://www.trinitybank.cz/download/905
air,Air Bank,2020-Q3,92,92,2020-07-01,2020-09-30,92,92,92,https://www.airbank.cz/file-download/statistiky-dostupnosti-3q-2020
creditas,Banka CREDITAS,2020-Q3,92,92,2020-07-01,2020-09-30,92,92,3,https://www.creditas.cz/files/statisticke-udaje-o-dostupnosti-a-vykonu-rozhrani-3q-2020.pdf
fio,Fio banka,2020-Q3,92,92,2020-07-01,2020-09-30,92,92,92,https://developers.fio.cz/stats/PSD2_2020Q3.pdf
trinity,Trinity Bank,2020-Q3,92,92,2020-07-01,2020-09-30,92,0,0,https://www.trinitybank.cz/download/1038
air,Air Bank,2020-Q4,92,92,2020-10-01,2020-12-31,92,92,92,https://www.airbank.cz/file-download/statistiky-dostupnosti-4q-2020
creditas,Banka CREDITAS,2020-Q4,92,92,2020-10-01,2020-12-31,92,92,6,https://www.creditas.cz/files/statisticke-udaje-o-dostupnosti-a-vykonu-rozhrani-4q-2020.pdf
fio,Fio banka,2020-Q4,92,92,2020-10-01,2020-12-31,92,92,92,https://developers.fio.cz/stats/PSD2_2020Q4.pdf
trinity,Trinity Bank,2020-Q4,92,92,2020-10-01,2020-12-31,92,0,0,https://www.trinitybank.cz/download/1085
air,Air Bank,2021-Q1,90,90,2021-01-01,2021-03-31,90,90,90,https://www.airbank.cz/file-download/statistiky-dostupnosti-1q-2021
creditas,Banka CREDITAS,2021-Q1,90,90,2021-01-01,2021-03-31,90,90,38,https://www.creditas.cz/files/statisticke-udaje-o-dostupnosti-a-vykonu-rozhrani-1q-2021.pdf
fio,Fio banka,2021-Q1,90,90,2021-01-01,2021-03-31,90,90,90,https://developers.fio.cz/stats/PSD2_2021Q1.pdf
trinity,Trinity Bank,2021-Q1,90,90,2021-01-01,2021-03-31,90,0,0,https://www.trinitybank.cz/download/1119
csob,ČSOB,2021-Q1,90,90,2021-01-01,2021-03-31,0,90,90,https://www.csob.cz/documents/10710/21871290/psd2-q1-2021.xlsx
air,Air Bank,2021-Q2,91,91,2021-04-01,2021-06-30,91,91,91,https://www.airbank.cz/file-download/statistiky-dostupnosti-2q-2021
creditas,Banka CREDITAS,2021-Q2,91,91,2021-04-01,2021-06-30,91,38,33,https://www.creditas.cz/files/statisticke-udaje-o-dostupnosti-a-vykonu-rozhrani-2q-2021.pdf
fio,Fio banka,2021-Q2,91,91,2021-04-01,2021-06-30,91,91,91,https://developers.fio.cz/stats/PSD2_2021Q2.pdf
trinity,Trinity Bank,2021-Q2,91,91,2021-04-01,2021-06-30,91,0,0,https://www.trinitybank.cz/download/1152
csob,ČSOB,2021-Q2,91,91,2021-04-01,2021-06-30,0,91,91,https://www.csob.cz/documents/10710/21871290/psd2-q2-2021.xlsx
air,Air Bank,2021-Q3,92,92,2021-07-01,2021-09-30,92,92,92,https://www.airbank.cz/file-download/statistiky-pro-3q-2021
creditas,Banka CREDITAS,2021-Q3,92,91,2021-07-01,2021-09-29,91,13,64,https://www.creditas.cz/files/statisticke-udaje-o-dostupnosti-a-vykonu-rozhrani-3q-2021.pdf
fio,Fio banka,2021-Q3,92,92,2021-07-01,2021-09-30,92,92,92,https://developers.fio.cz/stats/PSD2_2021Q3.pdf
jt,J&T Banka,2021-Q3,92,68,2021-07-02,2021-09-29,68,68,68,https://assets-eu-01.kc-usercontent.com:443/23883f12-8a12-01af-3f05-426faedce691/fb831fde-7659-4d63-95da-0b69bce05875/Q3_2021_psd2_unavailability.pdf
trinity,Trinity Bank,2021-Q3,92,92,2021-07-01,2021-09-30,92,0,0,https://www.trinitybank.cz/download/1240
csob,ČSOB,2021-Q3,92,92,2021-07-01,2021-09-30,0,92,92,https://www.csob.cz/documents/10710/21871290/psd2-q3-2021.xlsx
air,Air Bank,2021-Q4,92,92,2021-10-01,2021-12-31,92,92,92,https://www.airbank.cz/file-download/statistiky-pro-4q-2021
creditas,Banka CREDITAS,2021-Q4,92,92,2021-10-01,2021-12-31,92,22,75,https://www.creditas.cz/files/statisticke-udaje-o-dostupnosti-a-vykonu-rozhrani-4q-2021.pdf
fio,Fio banka,2021-Q4,92,92,2021-10-01,2021-12-31,92,92,92,https://developers.fio.cz/stats/PSD2_2021Q4.pdf
jt,J&T Banka,2021-Q4,92,88,2021-10-01,2021-12-31,88,88,88,https://assets-eu-01.kc-usercontent.com:443/23883f12-8a12-01af-3f05-426faedce691/e25a7f8f-6554-4b27-b0e2-3244499297aa/Q4_2021_psd2_unavailability.pdf
trinity,Trinity Bank,2021-Q4,92,92,2021-10-01,2021-12-31,92,0,0,https://www.trinitybank.cz/download/1299
csob,ČSOB,2021-Q4,92,92,2021-10-01,2021-12-31,0,92,92,https://www.csob.cz/documents/10710/21871290/psd2-q4-2021.xlsx
air,Air Bank,2022-Q1,90,90,2022-01-01,2022-03-31,90,90,90,https://www.airbank.cz/file-download/statistiky-dostupnosti-1q-2022
creditas,Banka CREDITAS,2022-Q1,90,75,2022-01-01,2022-03-31,75,13,63,https://www.creditas.cz/files/statisticke-udaje-o-dostupnosti-a-vykonu-rozhrani-1q-2022.pdf
fio,Fio banka,2022-Q1,90,90,2022-01-01,2022-03-31,90,90,90,https://developers.fio.cz/stats/PSD2_2022Q1.pdf
trinity,Trinity Bank,2022-Q1,90,90,2022-01-01,2022-03-31,90,0,0,https://www.trinitybank.cz/download/1381
csob,ČSOB,2022-Q1,90,90,2022-01-01,2022-03-31,0,90,90,https://www.csob.cz/documents/10710/21871290/psd2-q1-2022.xlsx
air,Air Bank,2022-Q2,91,91,2022-04-01,2022-06-30,91,91,91,https://www.airbank.cz/file-download/statistiky-dostupnosti-2q-2022
creditas,Banka CREDITAS,2022-Q2,91,56,2022-04-01,2022-06-30,56,14,33,https://www.creditas.cz/files/statisticke-udaje-o-dostupnosti-a-vykonu-rozhrani-2q-2022.pdf
fio,Fio banka,2022-Q2,91,91,2022-04-01,2022-06-30,91,91,91,https://developers.fio.cz/stats/PSD2_2022Q2.pdf
trinity,Trinity Bank,2022-Q2,91,91,2022-04-01,2022-06-30,91,0,0,https://www.trinitybank.cz/download/1445
csob,ČSOB,2022-Q2,91,91,2022-04-01,2022-06-30,0,91,91,https://www.csob.cz/documents/10710/21871290/psd2-q2-2022.xlsx
air,Air Bank,2022-Q3,92,92,2022-07-01,2022-09-30,92,92,92,https://www.airbank.cz/file-download/statistiky-dostupnosti-3q-2022
creditas,Banka CREDITAS,2022-Q3,92,46,2022-07-01,2022-09-30,46,11,14,https://www.creditas.cz/files/statisticke-udaje-o-dostupnosti-a-vykonu-rozhrani-3q-2022.pdf
fio,Fio banka,2022-Q3,92,92,2022-07-01,2022-09-30,92,92,92,https://developers.fio.cz/stats/PSD2_2022Q3.pdf
trinity,Trinity Bank,2022-Q3,92,92,2022-07-01,2022-09-30,92,0,0,https://www.trinitybank.cz/download/1514
csob,ČSOB,2022-Q3,92,92,2022-07-01,2022-09-30,0,92,92,https://www.csob.cz/documents/10710/21871290/psd2-q3-2022.xlsx
air,Air Bank,2022-Q4,92,92,2022-10-01,2022-12-31,92,92,92,https://www.airbank.cz/file-download/statistiky-dostupnosti-4q-2022
creditas,Banka CREDITAS,2022-Q4,92,50,2022-10-04,2022-12-31,49,20,31,https://www.creditas.cz/files/statisticke-udaje-o-dostupnosti-a-vykonu-rozhrani-4q-2022.pdf
fio,Fio banka,2022-Q4,92,92,2022-10-01,2022-12-31,92,92,92,https://developers.fio.cz/stats/PSD2_2022Q4.pdf
jt,J&T Banka,2022-Q4,92,92,2022-10-01,2022-12-31,92,92,92,https://assets-eu-01.kc-usercontent.com:443/23883f12-8a12-01af-3f05-426faedce691/2ec3d7ec-aa2f-4b43-ae6b-4fb460285381/Q4_2022_psd2_unavailability.pdf
trinity,Trinity Bank,2022-Q4,92,92,2022-10-01,2022-12-31,92,0,0,https://www.trinitybank.cz/download/1569
csob,ČSOB,2022-Q4,92,92,2022-10-01,2022-12-31,0,91,92,https://www.csob.cz/documents/10710/21871290/psd2-q4-2022.xlsx
air,Air Bank,2023-Q1,90,90,2023-01-01,2023-03-31,90,90,90,https://www.airbank.cz/file-download/statistiky-dostupnosti-1q-2023
creditas,Banka CREDITAS,2023-Q1,90,74,2023-01-02,2023-03-31,72,26,66,https://www.creditas.cz/files/statisticke-udaje-o-dostupnosti-a-vykonu-rozhrani-1q-2023.pdf
fio,Fio banka,2023-Q1,90,90,2023-01-01,2023-03-31,90,90,90,https://developers.fio.cz/stats/PSD2_2023Q1.pdf
ppf,PPF banka,2023-Q1,90,62,2023-01-01,2023-03-31,0,62,62,https://www.ppfbanka.cz/cs/document/download/7500
trinity,Trinity Bank,2023-Q1,90,90,2023-01-01,2023-03-31,90,0,0,https://www.trinitybank.cz/download/1630
csob,ČSOB,2023-Q1,90,88,2023-01-01,2023-03-31,0,88,88,https://www.csob.cz/documents/10710/21871290/psd2-q1-2023.xlsx
air,Air Bank,2023-Q2,91,91,2023-04-01,2023-06-30,91,91,91,https://www.airbank.cz/file-download/statistiky-dostupnosti-2q-2023
creditas,Banka CREDITAS,2023-Q2,91,85,2023-04-01,2023-06-30,85,17,83,https://www.creditas.cz/files/monitoring-mch-20230630-o.pdf
fio,Fio banka,2023-Q2,91,91,2023-04-01,2023-06-30,91,91,91,https://developers.fio.cz/stats/PSD2_2023Q2.pdf
ppf,PPF banka,2023-Q2,91,91,2023-04-01,2023-06-30,0,91,91,https://www.ppfbanka.cz/cs/document/download/7585
trinity,Trinity Bank,2023-Q2,91,91,2023-04-01,2023-06-30,91,0,0,https://www.trinitybank.cz/download/1749
csob,ČSOB,2023-Q2,91,91,2023-04-01,2023-06-30,0,91,91,https://www.csob.cz/documents/10710/21871290/psd2-q2-2023.xlsx
air,Air Bank,2023-Q3,92,92,2023-07-01,2023-09-30,92,92,92,https://www.airbank.cz/file-download/statistiky-dostupnosti-3q-2023
creditas,Banka CREDITAS,2023-Q3,92,76,2023-07-13,2023-09-30,76,35,73,https://www.creditas.cz/files/statisticke-udaje-o-dostupnosti-a-vykonu-rozhrani-3q-2023.pdf
fio,Fio banka,2023-Q3,92,92,2023-07-01,2023-09-30,92,92,92,https://developers.fio.cz/stats/PSD2_2023Q3.pdf
ppf,PPF banka,2023-Q3,92,91,2023-07-01,2023-09-30,0,91,91,https://www.ppfbanka.cz/cs/document/download/7631
trinity,Trinity Bank,2023-Q3,92,92,2023-07-01,2023-09-30,92,0,0,https://www.trinitybank.cz/download/1797
csob,ČSOB,2023-Q3,92,92,2023-07-01,2023-09-30,0,92,92,https://www.csob.cz/documents/10710/21871290/psd2-q3-2023.xlsx
air,Air Bank,2023-Q4,92,92,2023-10-01,2023-12-31,92,92,92,https://www.airbank.cz/file-download/statistiky-dostupnosti-4q-2023
creditas,Banka CREDITAS,2023-Q4,92,92,2023-10-01,2023-12-31,92,14,83,https://www.creditas.cz/files/statisticke-udaje-o-dostupnosti-a-vykonu-rozhrani-4q-2023.pdf
fio,Fio banka,2023-Q4,92,92,2023-10-01,2023-12-31,92,92,92,https://developers.fio.cz/stats/PSD2_2023Q4.pdf
ppf,PPF banka,2023-Q4,92,92,2023-10-01,2023-12-31,0,92,92,https://www.ppfbanka.cz/cs/document/download/7697
trinity,Trinity Bank,2023-Q4,92,92,2023-10-01,2023-12-31,92,0,0,https://www.trinitybank.cz/download/1869
csob,ČSOB,2023-Q4,92,92,2023-10-01,2023-12-31,0,92,92,https://www.csob.cz/documents/10710/21871290/psd2-q4-2023.xlsx
air,Air Bank,2024-Q1,91,91,2024-01-01,2024-03-31,91,91,91,https://www.airbank.cz/file-download/statistiky-dostupnosti-1q-2024
creditas,Banka CREDITAS,2024-Q1,91,91,2024-01-01,2024-03-31,91,21,73,https://www.creditas.cz/files/statisticke-udaje-o-dostupnosti-a-vykonu-rozhrani-1q-2024.pdf
fio,Fio banka,2024-Q1,91,91,2024-01-01,2024-03-31,91,91,91,https://developers.fio.cz/stats/PSD2_2024Q1.pdf
ppf,PPF banka,2024-Q1,91,91,2024-01-01,2024-03-31,0,91,91,https://www.ppfbanka.cz/cs/document/download/7819
trinity,Trinity Bank,2024-Q1,91,91,2024-01-01,2024-03-31,91,0,0,https://www.trinitybank.cz/download/2021
csob,ČSOB,2024-Q1,91,91,2024-01-01,2024-03-31,0,91,91,https://www.csob.cz/documents/10710/21871290/psd2-q1-2024.xlsx
air,Air Bank,2024-Q2,91,91,2024-04-01,2024-06-30,91,91,91,https://www.airbank.cz/file-download/statistiky-dostupnosti-2q-2024
creditas,Banka CREDITAS,2024-Q2,91,91,2024-04-01,2024-06-30,91,17,80,https://www.creditas.cz/files/statisticke-udaje-o-dostupnosti-a-vykonu-rozhrani-2q-2024.pdf
fio,Fio banka,2024-Q2,91,91,2024-04-01,2024-06-30,91,91,91,https://developers.fio.cz/stats/PSD2_2024Q2.pdf
ppf,PPF banka,2024-Q2,91,91,2024-04-01,2024-06-30,0,91,91,https://www.ppfbanka.cz/cs/document/download/7991
trinity,Trinity Bank,2024-Q2,91,91,2024-04-01,2024-06-30,91,0,0,https://www.trinitybank.cz/download/2117
csob,ČSOB,2024-Q2,91,91,2024-04-01,2024-06-30,0,91,91,https://www.csob.cz/documents/10710/21871290/psd2-q2-2024.xlsx
air,Air Bank,2024-Q3,92,92,2024-07-01,2024-09-30,92,92,92,https://www.airbank.cz/file-download/statistiky-dostupnosti-3q-2024
creditas,Banka CREDITAS,2024-Q3,92,92,2024-07-01,2024-09-30,92,22,68,https://www.creditas.cz/files/statisticke-udaje-o-dostupnosti-a-vykonu-rozhrani-3q-2024.pdf
fio,Fio banka,2024-Q3,92,92,2024-07-01,2024-09-30,92,92,92,https://developers.fio.cz/stats/PSD2_2024Q3.pdf
jt,J&T Banka,2024-Q3,92,91,2024-07-01,2024-09-30,91,91,91,https://assets-eu-01.kc-usercontent.com:443/23883f12-8a12-01af-3f05-426faedce691/09e76d44-266a-412f-bf3a-612acaba1e26/Q3-2024_psd2_unavailability.pdf
kb,Komerční banka,2024-Q3,92,92,2024-07-01,2024-09-30,92,92,92,https://www.kb.cz/getmedia/a5f6061e-0081-4018-a97f-0f90695022ac/kb-psd2-2024-q3-cz.pdf
ppf,PPF banka,2024-Q3,92,92,2024-07-01,2024-09-30,0,92,92,https://www.ppfbanka.cz/cs/document/download/7993
trinity,Trinity Bank,2024-Q3,92,90,2024-07-01,2024-09-30,90,0,0,https://www.trinitybank.cz/download/2179
csob,ČSOB,2024-Q3,92,92,2024-07-01,2024-09-30,0,92,92,https://www.csob.cz/documents/10710/21871290/psd2-q3-2024.xlsx
air,Air Bank,2024-Q4,92,92,2024-10-01,2024-12-31,92,92,92,https://www.airbank.cz/file-download/statistiky-dostupnosti-4q-2024
creditas,Banka CREDITAS,2024-Q4,92,92,2024-10-01,2024-12-31,92,16,66,https://www.creditas.cz/files/statisticke-udaje-o-dostupnosti-a-vykonu-rozhrani-4q-2024.pdf
fio,Fio banka,2024-Q4,92,92,2024-10-01,2024-12-31,92,92,92,https://developers.fio.cz/stats/PSD2_2024Q4.pdf
jt,J&T Banka,2024-Q4,92,92,2024-10-01,2024-12-31,92,92,92,https://assets-eu-01.kc-usercontent.com:443/23883f12-8a12-01af-3f05-426faedce691/d178be61-bcf8-4ad0-ac2c-c487f1a80ba0/Q4-2024_psd2_unavailability.pdf
kb,Komerční banka,2024-Q4,92,92,2024-10-01,2024-12-31,92,92,92,https://www.kb.cz/getmedia/465ab7eb-62b6-49f7-9009-54978e40ffe7/kb-psd2-2024-q4-cz.pdf
ppf,PPF banka,2024-Q4,92,91,2024-10-01,2024-12-30,0,91,91,https://www.ppfbanka.cz/cs/document/download/7995
trinity,Trinity Bank,2024-Q4,92,92,2024-10-01,2024-12-31,92,0,0,https://www.trinitybank.cz/download/2401
csob,ČSOB,2024-Q4,92,92,2024-10-01,2024-12-31,0,92,92,https://www.csob.cz/documents/10710/21871290/psd2-q4-2024.xlsx
air,Air Bank,2025-Q1,90,90,2025-01-01,2025-03-31,90,90,90,https://www.airbank.cz/file-download/statistiky-dostupnosti-1q-2025
creditas,Banka CREDITAS,2025-Q1,90,90,2025-01-01,2025-03-31,90,3,70,https://www.creditas.cz/files/statisticke-udaje-o-dostupnosti-a-vykonu-rozhrani-1q-2025.pdf
fio,Fio banka,2025-Q1,90,90,2025-01-01,2025-03-31,90,90,90,https://developers.fio.cz/stats/PSD2_2025Q1.pdf
jt,J&T Banka,2025-Q1,90,89,2025-01-01,2025-03-31,89,89,89,https://assets-eu-01.kc-usercontent.com:443/23883f12-8a12-01af-3f05-426faedce691/4ba78ea4-28e7-4397-aa4b-d60a304bca46/Q1-2025_psd2_unavailability.pdf
kb,Komerční banka,2025-Q1,90,90,2025-01-01,2025-03-31,90,90,90,https://www.kb.cz/getmedia/534311f3-7d66-4bcd-abd6-0f04b41e008f/kb-psd2-2025-q1-cz.pdf
ppf,PPF banka,2025-Q1,90,89,2025-01-01,2025-03-30,0,89,89,https://www.ppfbanka.cz/cs/document/download/8081
trinity,Trinity Bank,2025-Q1,90,90,2025-01-01,2025-03-31,90,0,0,https://www.trinitybank.cz/download/2520
csob,ČSOB,2025-Q1,90,90,2025-01-01,2025-03-31,0,90,90,https://www.csob.cz/documents/10710/21871290/psd2-q1-2025.xlsx
air,Air Bank,2025-Q2,91,91,2025-04-01,2025-06-30,91,91,91,https://www.airbank.cz/file-download/statistiky-dostupnosti-2q-2025
creditas,Banka CREDITAS,2025-Q2,91,91,2025-04-01,2025-06-30,91,7,74,https://www.creditas.cz/files/statisticke-udaje-o-dostupnosti-a-vykonu-rozhrani-2q-2025.pdf
fio,Fio banka,2025-Q2,91,91,2025-04-01,2025-06-30,91,91,91,https://developers.fio.cz/stats/PSD2_2025Q2.pdf
jt,J&T Banka,2025-Q2,91,91,2025-04-01,2025-06-30,91,91,91,https://assets-eu-01.kc-usercontent.com:443/23883f12-8a12-01af-3f05-426faedce691/2477ae19-ff5d-4c6e-bfb4-40c6e8b37ebb/Q2-2025_psd2_unavailability.pdf
kb,Komerční banka,2025-Q2,91,91,2025-04-01,2025-06-30,91,91,91,https://www.kb.cz/getmedia/b4eb0997-283f-4ccc-a822-ffc11d2e64dd/kb-psd2-2025-q2-cz.pdf
ppf,PPF banka,2025-Q2,91,91,2025-04-01,2025-06-30,0,91,91,https://www.ppfbanka.cz/cs/document/download/8195
trinity,Trinity Bank,2025-Q2,91,90,2025-04-01,2025-06-30,90,0,0,https://www.trinitybank.cz/download/2664
csob,ČSOB,2025-Q2,91,91,2025-04-01,2025-06-30,0,91,91,https://www.csob.cz/documents/10710/21871290/psd2-q2-2025.xlsx
air,Air Bank,2025-Q3,92,92,2025-07-01,2025-09-30,92,92,92,https://www.airbank.cz/file-download/statistiky-dostupnosti-3q-2025
creditas,Banka CREDITAS,2025-Q3,92,86,2025-07-01,2025-09-30,86,12,79,https://www.creditas.cz/files/statisticke-udaje-o-dostupnosti-a-vykonu-rozhrani-3q-2025.pdf
fio,Fio banka,2025-Q3,92,92,2025-07-01,2025-09-30,92,92,92,https://developers.fio.cz/stats/PSD2_2025Q3.pdf
jt,J&T Banka,2025-Q3,92,91,2025-07-01,2025-09-30,91,91,91,https://assets-eu-01.kc-usercontent.com:443/23883f12-8a12-01af-3f05-426faedce691/4d6eab7e-7571-4256-895b-157c45599a47/Q3-2025_psd2_unavailability.pdf
kb,Komerční banka,2025-Q3,92,92,2025-07-01,2025-09-30,92,92,92,https://www.kb.cz/getmedia/5e46e9ce-f49c-42c2-9e8d-956d1dd5923f/kb-psd2-2025-q3-cz.pdf
ppf,PPF banka,2025-Q3,92,92,2025-07-01,2025-09-30,0,92,92,https://www.ppfbanka.cz/cs/document/download/8267
trinity,Trinity Bank,2025-Q3,92,92,2025-07-01,2025-09-30,92,0,0,https://www.trinitybank.cz/download/2754
csob,ČSOB,2025-Q3,92,92,2025-07-01,2025-09-30,0,92,92,https://www.csob.cz/documents/10710/21871290/psd2-q3-2025.xlsx
air,Air Bank,2025-Q4,92,92,2025-10-01,2025-12-31,92,92,92,https://www.airbank.cz/file-download/statistiky-dostupnosti-4q-2025
creditas,Banka CREDITAS,2025-Q4,92,89,2025-10-01,2025-12-31,89,4,86,https://www.creditas.cz/files/statisticke-udaje-o-dostupnosti-a-vykonu-rozhrani-4q-2025.pdf
fio,Fio banka,2025-Q4,92,92,2025-10-01,2025-12-31,92,92,92,https://developers.fio.cz/stats/PSD2_2025Q4.pdf
jt,J&T Banka,2025-Q4,92,92,2025-10-01,2025-12-31,92,92,92,https://assets-eu-01.kc-usercontent.com:443/23883f12-8a12-01af-3f05-426faedce691/ff63715c-e048-4b3b-b137-bf57f723b101/q4-2025_psd2_unavailability.pdf
kb,Komerční banka,2025-Q4,92,92,2025-10-01,2025-12-31,92,92,92,https://www.kb.cz/getmedia/0d831705-999e-43de-9ec9-f5980ae1f75e/kb-psd2-2025-q4-cz.pdf
ppf,PPF banka,2025-Q4,92,92,2025-10-01,2025-12-31,0,92,92,https://www.ppfbanka.cz/cs/document/download/8363
trinity,Trinity Bank,2025-Q4,92,92,2025-10-01,2025-12-31,92,0,0,https://www.trinitybank.cz/download/2863
csob,ČSOB,2025-Q4,92,92,2025-10-01,2025-12-31,0,92,92,https://www.csob.cz/documents/10710/21871290/psd2-q4-2025.xlsx
air,Air Bank,2026-Q1,90,90,2026-01-01,2026-03-31,90,90,90,https://www.airbank.cz/file-download/statistiky-dostupnosti-1q-2026
creditas,Banka CREDITAS,2026-Q1,90,90,2026-01-01,2026-03-31,90,45,90,https://www.creditas.cz/files/statisticke-udaje-o-dostupnosti-a-vykonu-rozhrani-1q-2026.pdf
fio,Fio banka,2026-Q1,90,90,2026-01-01,2026-03-31,90,90,90,https://developers.fio.cz/stats/PSD2_2026Q1.pdf
kb,Komerční banka,2026-Q1,90,90,2026-01-01,2026-03-31,90,90,90,https://www.kb.cz/getmedia/dcd64cb6-1aa6-4d60-abc2-b8c9aad4ce28/kb-psd2-2026-q1-cz.pdf
ppf,PPF banka,2026-Q1,90,90,2026-01-01,2026-03-31,0,90,90,https://www.ppfbanka.cz/cs/document/download/8437
trinity,Trinity Bank,2026-Q1,90,90,2026-01-01,2026-03-31,90,0,0,https://www.trinitybank.cz/download/3038
csob,ČSOB,2026-Q1,90,90,2026-01-01,2026-03-31,0,90,90,https://www.csob.cz/documents/10710/21871290/psd2-q1-2026.xlsx
air,Air Bank,2026-Q2,91,91,2026-04-01,2026-06-30,91,91,91,https://www.airbank.cz/file-download/statistiky-dostupnosti-2q-2026
creditas,Banka CREDITAS,2026-Q2,91,91,2026-04-01,2026-06-30,91,85,91,https://www.creditas.cz/files/statisticke-udaje-o-dostupnosti-a-vykonu-rozhrani-2q-2026.pdf
fio,Fio banka,2026-Q2,91,91,2026-04-01,2026-06-30,91,91,91,https://developers.fio.cz/stats/PSD2_2026Q2.pdf
jt,J&T Banka,2026-Q2,91,91,2026-04-01,2026-06-30,91,91,91,https://assets-eu-01.kc-usercontent.com:443/23883f12-8a12-01af-3f05-426faedce691/69bbf441-3b3b-4519-998b-10ec11b07591/Q2-2026_psd2_unavailability.pdf
kb,Komerční banka,2026-Q2,91,91,2026-04-01,2026-06-30,91,91,91,https://www.kb.cz/getmedia/956647de-9725-4cf0-9975-52c1e3462491/kb-psd2-2026-q2-cz.pdf
trinity,Trinity Bank,2026-Q2,91,91,2026-04-01,2026-06-30,91,0,0,https://www.trinitybank.cz/download/3036
unicredit,UniCredit Bank,2026-Q2,91,91,2026-04-01,2026-06-30,91,91,91,https://developer.unicredit.eu/report?view=kpi
csob,ČSOB,2026-Q2,91,91,2026-04-01,2026-06-30,0,91,91,https://www.csob.cz/documents/10710/21871290/psd2-q2-2026.xlsx
csas,Česká spořitelna,2026-Q2,91,91,2026-04-01,2026-06-30,91,0,0,https://developers.erstegroup.com/api-health-check/bank.csas/last-quarter
